"response","predictor1","predictor2","predictor3","predictor1_quad"
77.2071622761563,44.3952435344779,26.9905357700749,60.0840255029733,1970.9376484856
66.9142863548173,47.6982251051672,25.0315070445064,59.2008991246761,2275.1206781832
27.4695895269174,65.5870831414912,35.1339252803745,79.6403951884668,4301.66547500888
89.5619182100912,50.7050839142458,33.7553065130316,77.3564973428653,2571.00553475071
-4.63530609453781,51.2928773516095,22.4541673133565,29.0131445049914,2630.95926700725
64.5110244527232,67.1506498688328,29.5242627457536,100.811469114388,4509.20977780657
91.2277200778741,54.609162059892,25.5202608862175,84.9945147197038,2982.16058088355
235.4567350711,37.3493876539347,19.6462446472902,128.324147462967,1394.97675812389
148.759663661708,43.1314714810647,30.7506006559407,93.7039647610219,1860.3238321219
94.3639904890675,45.5433802990004,29.6039414537071,71.0608138207602,2074.19948905938
158.96832559676,62.2408179743946,29.5131536624346,135.947822939162,3873.91942212172
198.160793207179,53.5981382705736,31.0807627090062,136.64452047831,2872.76042607153
32.6565680133962,54.0077145059405,34.4123258219829,55.6257636741964,2916.83322615518
113.063765157476,51.1068271594512,31.0279875224169,89.3806391191085,2611.90778230602
108.722880657711,44.4415886524593,26.9178207856324,75.775061627357,1975.0548019544
29.9344456277185,67.8691313680308,26.3260037403936,83.7410229310803,4606.21899265102
87.5945650337687,54.9785047822924,29.3409860347941,84.5508545713763,3022.63598809655
96.1937475291041,30.3338284337036,31.5500849328948,54.761990742619,920.141147445365
84.3116866962193,57.0135590156369,24.8015982364898,85.7117916048512,3250.54591162951
184.541466030166,45.2720859227207,29.0784556557881,114.984947262836,2049.56176379421
120.820830819792,39.3217629401315,34.8363363008396,76.7181999173039,1546.2010407199
100.254896577857,47.8202508534171,29.4585995438276,76.7414657860309,2286.77639168374
188.394162842488,39.7399555169276,26.507896662028,107.971440126749,1579.26406448738
157.621148984609,42.7110877070886,28.6202741578723,97.967924813659,1824.23701312262
48.6619731921017,43.7496073215074,35.5732427268099,47.0301036323743,1914.02814078609
149.753246554402,33.1330668925759,32.7502198060707,84.5711394652437,1097.80012170791
127.955183687753,58.3778704449452,36.183379000408,113.070944693555,3407.97575768681
148.708031826848,51.5337311783652,30.6954892858089,108.305526998383,2655.72544916401
149.122192684527,38.6186306298805,32.0513754824521,88.3990320762846,1491.39863172714
75.3720835037129,62.5381492106993,27.2077154382593,94.4244161422579,3911.02010669969
31.6803409909144,54.2646422147681,33.0268533446517,56.0612957562263,2944.65139469679
120.755295844763,47.0492851700773,27.4683322890538,86.0026313376275,2213.63523501526
28.6253679358427,58.9512566104502,22.8971724765213,60.9110212962436,3475.25065595115
45.5901425483582,58.7813348753304,30.6399648284206,70.8396386380611,3455.24532972573
97.5212693817784,58.2158108163749,39.7292560886572,98.7120736755921,3389.08062900795
24.1754923984328,56.8864025410009,34.0045716978653,57.2621377661771,3236.06279405679
84.7994618738405,55.5391765353759,35.8262669497313,85.3383650174612,3084.60013022765
117.579093312207,49.3808828942328,31.7942786154658,88.5666407894309,2438.47159541393
113.047691448761,46.9403733626008,26.9572141084189,81.0982393967926,2203.39865142036
183.673568439134,46.1952899898762,28.9887957244486,116.443776436708,2134.00481724876
79.7368762200952,43.0529302107949,28.6337594659404,59.553053428495,1853.55479973558
131.130639278471,47.920827219804,27.6565011010896,92.122605228712,2296.40568143031
127.31159912763,37.3460364843174,33.5208364196486,78.2213886509867,1394.72644108797
-9.18546064765892,71.6895596533851,24.0131824881729,74.7833551233215,5139.39296329626
65.3980760203961,62.0796199830499,34.3318306605639,89.2818246770476,3853.87921723989
87.50229896649,38.7689141679665,34.3207624311295,59.5919881863214,1503.02870576315
61.6879893184854,45.9711516470092,24.0068882046563,53.7309816696319,2113.34678375232
91.8451287319646,45.3334464637678,33.1974599895027,70.1103824903315,2055.1213682833
130.930559074162,57.7996511833632,42.1511332617225,115.035142995109,3340.79967691846
103.512315173469,49.1663093352817,27.213922590292,81.1152954922504,2417.32597365261
99.7582487531183,52.5331851399475,34.2245212070404,86.6286879645577,2759.735540948
93.0096731351396,49.714532446513,26.088990771903,76.2030672464492,2471.53473637539
116.368302422962,49.5712954270868,35.553557091014,89.4098546390765,2457.31333031952
3.57169769243862,63.6860228401446,31.2491235996328,60.9664091396571,4055.90950519542
147.821829612568,47.7422901434073,38.2595769581158,103.158209331373,2279.32626813729
60.8594225979595,65.1647060442954,22.7051463573154,91.694105204827,4246.43891383943
108.012888398742,34.5124719576978,29.7435105693732,63.8709435461659,1191.11072063088
79.9304551980945,55.8461374963607,27.365374119372,81.0910649162398,3118.79107326242
122.953324511782,51.2385424384461,29.0136756546185,94.3266323899825,2625.38823121644
114.328672929162,52.1594156874397,26.85210628657,91.1546196410921,2720.60464485513
146.466872133083,53.7963948275988,25.830782097325,109.638680317538,2894.0520964469
87.3659393193767,44.976765468907,32.8936118730822,67.740244902103,2022.90943204506
157.919403043704,46.6679261633058,24.5620964296154,102.322732309808,2177.89533238376
166.563614834327,39.8142461689291,37.4201546577814,100.730960198824,1585.17419800009
126.416023958778,39.2820877352442,24.0689670734312,76.7503373619429,1543.08241683942
47.0658419275931,53.0352864140426,30.5053957569764,60.4814661435623,2812.74160501953
36.2460392756454,54.4820977862943,32.6649464341324,58.2170961823097,2968.29897919533
113.349129598674,50.530042267305,32.9336766954631,89.1557391588994,2553.28517153563
57.3133352660943,59.2226746787974,28.4912666806681,78.5774653255821,3507.32519611067
75.5966296487344,70.5008468562714,30.397509976642,115.582053337029,4970.36940745143
133.568882434414,45.0896883394346,34.8063207590484,90.7027592099241,2033.07999454734
140.628494166087,26.9083112435919,22.7176704146179,72.5611024967301,724.057213982014
17.8737335393446,60.0573852446226,26.0913014423396,59.4891550300577,3606.88952242101
95.5744307810099,42.9079923741761,31.6020115715831,68.351966507895,1841.09580958235
134.776761988841,43.1199138353264,27.776090108315,86.8577678579466,1859.32696916597
33.7487906368667,60.255713696967,36.850019969855,70.981307058867,3630.75103313086
127.318876310484,47.1522699294899,33.3662693167742,90.2846024046138,2223.33655950348
117.551487621585,37.7928228774546,30.3608337620738,73.3132389566044,1428.29746104666
90.5336808696812,51.8130347974915,22.4612134123166,77.8888018241105,2684.59057492606
72.6919236779632,48.6110863756096,30.1305011266312,65.3898065438434,2363.03771861698
173.5422702216,50.0576418589989,28.417920659015,118.100871698174,2505.7675084838
96.2558092256225,53.8528040112633,29.488267432397,86.6524346294079,2900.12449987554
122.715477858115,46.2933996820759,24.0922038647216,84.612672809989,2143.07885412443
4.32979938428247,56.4437654851883,32.4932902191496,46.1627517023187,3185.89866214693
134.162172494231,47.7951343818125,24.8052177984648,93.1958379909865,2284.37487057552
43.1370825278874,53.317819639157,28.868890092788,59.5275282224058,2842.78989107368
15.6566071766443,60.9683901314935,31.9071291472568,62.169568512914,3717.14459522599
120.382862371931,54.351814908338,26.0824210549348,98.366823420433,2954.11978383023
88.4329089738161,46.7406841446877,32.9149570284003,70.9459870698354,2184.69155431346
-16.2474454931535,61.4880761845109,23.4174479917415,45.0325543999364,3780.78351287222
137.162257288241,59.9350385596212,15.9511266051973,115.398082197787,3592.20884714328
-18.7806983529191,55.4839695950807,32.3248399539293,32.4518614921496,3078.47088202784
109.126692069695,52.3873173511144,34.202699134805,91.4562305971917,2744.43101924637
158.941269967102,43.7209392396063,28.5707728820431,100.344984981692,1911.52052799335
14.3363550885448,63.6065244853001,32.520631272958,67.3806426667893,4045.78995709908
137.188505878276,43.9974041285287,24.2204173745816,88.8857410282311,1935.77157004907
14.4402505748372,71.8733299301658,29.3642569658717,88.7826077677711,5165.77555525047
79.0410694007207,65.3261062618519,20.2924081197969,100.81246305829,4267.50015933477
123.123957281141,47.6429964089952,35.9059044571926,89.6819877590504,2269.85510682753
114.438755873813,39.7357909969322,39.2995543077158,75.1023244181495,1578.93308615188
154.095346954928,42.895934363007,35.3700613014099,98.3198411588042,1840.0611848754
121.160205900565,52.5688370915653,29.8632651679313,96.0124471301953,2763.48263315953
69.744414188996,47.5330812153763,29.8333482886204,61.2686193172841,2259.39380982756
57.1782194267401,46.5245740060227,22.4196618842445,51.9842513200854,2164.53598644188
131.669703805411,40.4838143273498,33.9519267194411,83.2055507998636,1638.93922249133
87.9886004419409,49.5497227519108,28.9463290965411,74.5207525044963,2455.17502479123
84.3619234228713,42.1509553054292,26.7162853731946,60.2892177487541,1776.70303316029
148.934809648191,33.3205806341186,22.9398710367085,81.6786135903007,1110.2610937948
58.7302768621204,46.1977347971224,28.5011875167686,53.6000694702619,2134.23070038525
70.5413712499798,59.1899660906077,25.7546943249165,83.224527026524,3503.45208580729
92.3538458745256,44.2465303739161,28.0148473983608,67.5014322491616,1957.75545012988
115.43750235095,56.0796432222503,23.912000061182,99.1432854838496,3144.92638393488
233.369050223528,33.8211729171084,38.4379474147285,128.489782823231,1143.87173748895
63.6085903144445,49.4443803447546,29.9199873639602,61.6804151262642,2444.74674767675
119.447869641252,55.1940720394346,35.3747253863619,101.15328341886,3046.3855882943
125.729268277889,53.0115336216671,16.9915016487117,96.5029945553657,2810.22269692114
92.1859228452136,51.0567619414894,27.7340108500258,78.5961155138928,2606.79293994992
102.245720672247,43.5929399169462,26.6225885420396,70.9270725188597,1900.34441060248
189.644668004686,41.5029565396642,23.8853691031704,111.50615413675,1722.49540153326
44.6370454722529,39.7587120939509,37.7330457711205,39.8908436352751,1580.75518736968
71.575982511148,51.1764659710013,22.9235904011525,67.1361041681267,2619.03066928105
67.6271057859471,40.525253858152,31.5919513020401,51.2631311268445,1642.29620026766
168.494165596706,45.0944255629933,34.2321814278985,107.906268778922,2033.50721685634
99.4080057327979,47.4390780780175,30.8909509420901,76.1859313471029,2250.46612889224
-1.30887543321288,68.4386200523221,25.6237226125224,69.5065760106066,4683.8447146661
244.969914219763,43.4805009830454,34.7058290336208,143.680889481327,1890.55396573661
86.5501130699399,52.3538657228486,30.8529404092042,78.9992546422474,2740.92725612606
79.6852711897325,50.7796084956371,24.6825104680898,71.1250137626695,2578.56863897018
142.765091896396,40.3814336586987,23.0597547619897,85.9973050027229,1630.66018433188
33.1466613587129,49.286919138764,40.4335871724657,48.6315075849006,2429.20039819106
57.9758214565283,64.4455085842335,26.6074842729078,89.8060528534413,4153.22357668051
81.5471348756889,54.5150405307921,20.7221417304098,78.0767359784007,2971.88964407391
113.337931927734,50.4123292199294,32.6662968137683,89.3705024506029,2541.40293737855
73.3066720782619,45.7750316766038,31.5511512803045,60.3525872812429,2095.35352499408
108.741597791446,29.4675277845948,23.230828321387,59.5403231570411,868.335193735866
28.9568045473485,61.3133721341418,20.2852179320902,66.1317067344763,3759.32960245976
108.064441644651,35.3935992907518,29.418487414207,64.6402085381443,1252.70687075431
117.418123860103,57.3994751087733,35.6969814585471,105.980999333672,3294.69974276269
74.9189311665829,69.0910356921748,33.1806201759107,111.582911236162,4773.57121301737
131.10170108754,35.561068390282,27.5353128791901,76.8621609392187,1264.58958505831
59.6580190116842,57.0178433537471,25.8290588420781,72.8212687883064,3251.03446071244
91.3305938182279,47.3780251059753,31.3553337837527,73.4192233915666,2244.67726294243
140.840200150399,34.2785584085451,30.7867667360808,81.3847295570603,1175.01956656804
141.080603530816,34.8533234621825,33.1485587334636,81.9380846740211,1214.75415635952
153.982126279028,33.9846382642541,28.0210102485555,85.8006877553114,1154.9556379522
82.4053096599236,44.690934778297,34.4967702660155,65.0664211790749,1997.279651358
106.119684793773,35.382444150041,25.8459423633188,63.0620722235936,1251.91735403077
120.59943878834,56.8791677297583,28.3472764994002,103.941553274922,3235.23972162998
-22.412132403714,71.0010894052567,33.7040726186295,69.0274527779335,5041.15469673326
144.324878671704,37.1296952396482,34.9498580431356,86.060913904509,1378.61426858915
70.3918512736907,57.8773884747518,20.3074764927331,78.8605893239334,3349.79209665733
31.178429675891,57.6904224100091,30.5359520350808,60.8430121569866,3328.18483784528
108.421097697804,53.3220257895012,33.0438950586732,91.8212381882301,2843.23843429623
140.475083084706,39.9162339172299,22.7458784325468,83.4620974698591,1593.30573013501
157.352426888261,48.8054739336934,32.4031279993761,107.99566712425,2381.97428589243
114.186306945279,47.1960466482975,25.859128648016,82.3491916925398,2227.46681922827
58.6415825500095,55.6298953322048,35.1012650608221,73.3690848359829,3094.68525467206
118.902736228421,46.2756124389617,32.6924101605132,85.5658982661073,2141.43230660099
9.3682871519026,59.7697338668562,33.845261474978,56.2881670192932,3572.42108651482
77.3834859237104,46.2541914223299,30.6035966464352,63.2821189321281,2139.45022413354
73.5433869429172,60.5271146557933,34.3182421707888,90.2054650227886,3663.53160855555
112.984859528239,39.5082299333393,36.9025726415727,73.337581975521,1560.90023246561
125.547608117501,37.3984475524189,39.8312400772782,78.6807810729507,1398.64387933103
-72.7701074797971,82.410399349424,29.8580247262547,77.695565811561,6791.47392093154
91.5402933489073,45.8314241183957,18.754744548338,66.9897476245094,2100.51943672026
5.93158872134666,52.9822759154072,30.15763002297,39.6262268183517,2807.12156117634
87.2462841402394,56.3656967403385,31.0278060422499,86.9766994035319,3177.09176902381
143.945299078432,45.1621937429126,29.223273264278,95.2327901529372,2039.62374367237
25.9790708420752,55.1686204431361,32.8414431038854,54.2256752929975,3043.57668159881
141.093926363726,53.6896452738509,35.0533898225713,109.648054369172,2882.57800963194
121.960473628355,47.8461949235831,27.4100878491609,87.7030964737447,2289.25836866551
148.145490956677,50.6529303352532,28.5295233642194,106.832805899877,2565.71935154801
59.2314580389885,49.6593274626154,31.9892110440017,60.8565905751542,2466.04880403927
7.40981290530037,71.2845189901618,27.2488812925543,83.335625767085,5081.48264765874
115.364422457471,42.5866390372717,30.4563369174412,77.9997208212238,1813.62182449087
165.504513432044,39.0400373292534,20.1914620055735,95.3701486376355,1524.1245146695
76.2748344326933,50.3778839917108,24.4005013930119,68.4828086417461,2537.93119548227
89.8502643273287,53.1048074944314,23.3612226219794,79.7980465609508,2820.12057902062
13.8478704423051,54.3652347891018,25.7318815163638,44.4268170251211,2955.57875367416
84.0650966556612,45.4163466728889,26.5334773603467,64.44757114259,2062.64454511203
134.620765184058,39.3667386602881,31.9115257127319,82.5006776733022,1549.74011274742
14.5758824019365,62.6318517608949,34.9105650126132,65.8735701522355,3922.74885499871
109.394325826465,46.5034961204645,26.3630823545623,79.1286102837704,2162.57515142606
109.407614999138,41.3448713734663,25.01580508811,70.6414805214956,1709.39838888847
132.873279517315,47.637204310589,24.7915557050525,92.1386027232298,2269.3032345288
150.802524085846,48.0282410565145,27.9270563681816,103.369766174991,2306.71193898267
19.8441352514208,61.0992028971364,28.8048546592372,63.5499717438495,3733.11259466544
82.5153786111013,50.847372921972,32.4180876691913,73.8592688281054,2585.45533306609
126.54815714632,57.5405378518452,28.393375789158,108.795225167395,3310.91349627963
31.8014951465483,45.0070798282774,19.6075536556999,36.0215349163259,2025.63723466893
77.7137769255629,52.144453095816,29.5428286222493,73.6032441651853,2719.04398866175
187.960748928331,46.7531408850917,35.9359340532578,121.294085682867,2185.85618262123
179.058659493804,50.9458352817357,35.9580063425516,123.871801381285,2595.47813255375
133.957281342312,41.0463664202246,26.0551839094439,83.131906467003,1684.80419630334
104.821712531045,36.8919846667203,22.2611172818121,62.7278209877272,1361.01853264953
9.8610407025924,69.9721338474797,42.2903024593264,83.3091483898088,4896.09951516961
49.2661949511586,56.0070882367242,29.1878902876029,66.9445120810596,3136.79393275621
191.399208929657,37.4872863837506,29.5127437494719,109.05634564583,1405.29664041733
84.3783495969679,43.8883408331958,32.1028709434907,63.8703468859391,1926.18646109076
152.121884809164,38.1451991540269,21.9298027169044,87.458231904175,1455.05621850037
25.7643207537318,71.9881034888372,26.3589044440436,92.3970014913738,5182.28704391953
16.5404232935591,63.1241297643351,22.29778797355,64.849796786083,3984.65575850462
142.395937702285,47.3485494330365,26.534526929947,97.0304936301237,2241.8851334127
48.181079788186,55.4319405923209,30.5942471650228,65.0414005816739,3072.70003783059
141.546163172584,45.8566005208114,23.1764527100654,92.6047965930796,2102.82781132528
155.267412557509,45.2375310538442,32.9499133968366,101.933232662071,2046.43421584752
82.895120633004,42.1139716214976,31.4467201440867,60.2311415523359,1773.58660573631
163.058937576471,44.0538273254049,25.4789248718968,102.159900819592,1940.73970201659
5.48145583998415,66.5090746733669,31.1316247119053,70.2093425757517,4423.45701390749
110.403682719634,49.4597187491456,33.7404058124692,85.8870677687394,2446.26377874459
99.2825781235788,51.1924523642758,35.3054762663087,84.0367494457754,2620.66717906865
73.0076182685393,52.4368742959909,28.9357586067674,71.456072273236,2749.62578593355
57.6460635857391,62.3247587848534,29.5318160304448,85.3620573999557,3884.37555759016
67.5251509714482,44.8393616905522,29.5664293250904,55.3913814915232,2010.56835681616
119.428556777336,40.0749284960796,37.2073087802752,77.2772625563007,1605.99989396589
55.1553574298208,66.7569693240319,35.62535946139,96.5158166333034,4456.49295332974
24.1193467143793,45.5883678309471,34.1720078387852,36.5175070154137,2078.29928148973
60.6799770848479,42.7693403006013,28.5632960007965,50.2414762528349,1829.21646974864
86.079347022304,37.6372688111671,31.866207170832,56.7612488480606,1416.56400356405
71.5441221500818,37.152842776822,32.0164516561035,48.2182061170914,1380.33372639925
135.640509496716,44.2602652070201,24.7916335285534,88.3916607859272,1958.97107619575
39.9750817181335,56.1798581716653,21.3584774233963,60.1414330048798,3156.17646418843
-35.411879802447,61.0984813892972,33.2091501382581,36.7090582934205,3733.0244280783
46.7535005477624,57.0758835383559,22.3534473440979,67.248624698391,3257.65648168397
93.5569404239118,46.3634270290475,30.008418442421,72.1872949705039,2149.56736587781
129.75943700324,50.597499373846,31.2512391067417,97.1357094755622,2560.10694288635
76.0653941408662,42.9540353631993,32.8193369515294,57.9249572800234,1845.04915398298
165.915228709392,42.8278183842599,30.9471311875741,103.225785114774,1834.22202755515
81.1668221613768,58.8465049897692,26.3357309685144,87.9672543125721,3462.91114951093
139.451951188755,39.8440742139646,34.9318292994773,87.2470431527109,1587.55024996792
-29.0152287208718,69.5529396549246,38.6931688345312,62.9494865937099,4837.61141464158
176.286849173726,49.0968040603415,34.4058940446272,119.073357597961,2410.49616893957
89.9183625640774,52.1453882662922,20.2817454933801,76.7145833580569,2719.14151744236
45.5668200718156,42.6147229526043,36.9978809270147,43.5020483164333,1816.01461232722
109.033538474158,44.2561131023673,29.7197202690687,75.9228705721501,1958.60354692953
57.8483211927784,36.8298386769476,32.6245713965965,41.311118585359,1356.43701696999
89.8351673866108,48.1707461162727,33.1101661793553,73.7897976842665,2320.4207813984
66.5700965417876,54.1898240492446,29.5165696339665,71.5554599362076,2936.53703048809
113.794456304272,53.2430434416138,29.6236840117564,93.6365938080682,2834.82167492557
159.082634475287,42.1846351294525,35.0957853466545,100.18992371475,1779.54344100504
90.8378802907782,42.11378029146,33.5580096124312,65.4779007019769,1773.57049043736
144.134689430284,44.9780128165714,34.9513112302212,96.1221773675005,2023.02163692766
85.668126626243,64.9606066984635,41.9146334761516,108.486462193375,4219.88042263246
97.9901708238019,38.6269637933426,33.3220793184704,64.3171199031471,1492.0423318922
76.4953896388333,48.209484056198,31.0369057869265,66.9519126700133,2324.15435296481
42.7892591004267,69.0236182167893,18.9468344471219,93.0155672630736,4764.25987173709
102.501010618256,48.9902511467119,43.4585700162306,83.6609593988787,2400.04470741791
159.211009698026,36.4015929617861,27.5866158910185,90.9754992088857,1325.07597015556
169.857034101564,43.3523056472594,41.873673575477,108.093685890951,1879.4224049334
92.8313678325308,54.8545997890488,31.8732178400249,87.7416623915279,3009.02711801671
147.409352296869,46.2439712833023,37.692150994484,101.034025403507,2138.50488005089
141.166309906419,44.3812363645022,29.4514483941188,92.4581092467439,1969.69414124181
124.09903304482,46.5608276587154,32.5573537734906,88.6724077961771,2167.9106722646
107.71719786196,50.9049664713922,31.0697898982113,87.7216887636882,2591.31561145356
82.1778708873365,65.9850877114583,29.0693965031325,105.826466089162,4354.03180028885
62.1720189822995,49.1143488786112,29.3980308768875,59.9548025257869,2412.21926576994
6.56202123237497,60.8079949615152,35.0641716792213,57.8963454168501,3697.61225123966
97.8437804149299,56.3075411565057,28.9927092651425,91.8389200679442,3170.53919109158
101.085472979068,48.8636010449386,19.811587527796,77.6062067173377,2387.65150707892
143.668985855067,34.670979971094,29.0205537558509,81.4801042336992,1202.076852156
143.153230093086,44.7888268244748,32.6989530276814,94.825547543428,2006.03900831279
141.666802727681,45.1012954686153,33.0822785817572,95.0659009569815,2034.12685294734
83.5160199286403,50.4715443276153,33.0828390873872,74.7465899327645,2547.37678681444
34.7068811234889,63.0019867766682,21.5394923956546,73.7491226200579,3969.25033780747
-6.09035650774013,72.9307897383109,31.843710290056,81.4719721801574,5318.90009185372
72.5316996596778,65.4758105898377,34.8392960497353,101.260355785895,4287.0817723963
116.797485512911,48.6684903567106,36.3828934073383,88.5204097335801,2368.62195360123
201.091330300917,32.4347260444236,28.8751936447794,108.660150216464,1052.01145357681
109.564633349396,46.1122013592826,28.390537069086,79.8472625916006,2126.33511419902
136.675942841482,50.8920722307329,37.4391891593902,102.513352104415,2590.00301593813
104.167163580168,58.4501300406744,21.6603597711034,97.6600462203449,3416.41770177175
85.2152416807923,59.6252796848427,27.8158501154344,92.2416692180014,3555.17397749572
88.1842740521008,56.8430942941646,32.2873103967873,88.2940141355693,3231.13736893529
129.05627238029,36.0472565020053,21.9111311730939,74.4023520571496,1299.40470132136
60.7364721807036,58.4964304563335,31.3981393121588,77.8192498166154,3421.83237613266
116.700404117732,45.5344278357278,39.389320105261,84.5879099141693,2073.3841183271
92.9816450134438,51.7480270016126,29.9796967328183,80.9777778135857,2677.85829855963
133.58228706287,50.7455117717373,28.6077298751821,98.8644893677244,2575.10696497553
76.9275848492061,54.2816676497051,32.3745585701703,77.8136575362714,2946.49944283304
94.8087192453973,50.2467498282614,28.6046391460635,78.5924615682435,2524.73586830389
120.152490751784,33.3252490241434,34.0670018703953,70.3136182486867,1110.57222252117
61.4343436206436,57.3649596477344,34.5221773222485,77.2332734291334,3290.7385953862
78.444701604035,53.8602656834968,30.0134583061506,78.6246871539231,2900.92821949686
16.8287407111981,47.3434837472178,24.1165392112514,33.7252845220117,2241.40545332308
42.953401633528,51.1814451104668,23.4088963627046,52.7033660557137,2619.54032359573
91.6325728613706,51.3403864536846,27.0350131717234,78.5502618009608,2635.83528121368
78.1035960492567,52.21019468561,33.9869025027492,74.69432450271,2725.9044291093
-15.544774268908,66.4084616597749,20.2089741267154,55.9826134358513,4410.08378001779
31.1267805215834,47.8094962106652,20.5683742063373,40.1692364791396,2285.74792791761
80.0922074081241,51.6806538388466,26.7311008761995,72.9126156017315,2670.88998121069
73.6962228147875,61.6838387306909,31.9719742399029,93.0699153138855,3804.89596055388
128.764796109101,60.5418102337692,25.432169759175,115.464772638551,3665.31078638172
49.23257617019,61.4526311038036,34.4337451854803,79.2308641258132,3776.42586958017
174.957517048522,44.2253199894044,31.6668498507759,109.863696812554,1955.87892816521
12.0637068076017,70.0248273029283,29.1468019088069,81.6604431527194,4903.47643880493
98.3608320465624,50.6670087093018,34.0941406826589,82.3106420851912,2567.14577154846
27.8136182369222,68.6685184470686,31.9418258140968,86.4965062669749,4715.3654257154
102.176621315873,36.4909731396929,27.7703248639392,62.5884550947816,1331.59112068179
93.9685577747633,50.2098358635424,31.1555746720908,78.9656357421023,2521.02761744387
81.2326432435831,62.4991457096922,33.237566789888,98.168953975845,3906.14321444134
89.8036946153424,42.847578127772,31.7814167243102,65.0054842629562,1835.91495141553
110.106860907909,42.4731103178226,26.7099489602526,73.5678786022408,1803.96510006993
78.4271852693964,40.6146129639311,34.276011025321,57.0445849908149,1649.54678620992
141.002142988702,39.4748672066126,35.7646811277931,87.0870439289871,1558.2651409797
127.870162387801,45.628404668196,31.3813727827167,88.4959956477804,2081.95131256465
112.573640773433,53.3117917295898,30.7205233123109,92.9669470244816,2842.14713741916
101.809569489575,29.8578950207928,29.6218745961008,55.603799369662,891.493895072683
90.7190734144748,52.1198043337229,40.8070792315139,82.1447006950953,2716.47400378556
8.16203317623208,62.3667504641657,31.381577660679,61.1188461670031,3889.61156345951
4.48383181661906,70.3757401824043,29.2085298565003,79.9923070256795,4952.74480622128
104.02249472243,63.0117599220059,17.4604109890137,106.852478400122,3970.48188846851
53.3018092073587,57.5677476379596,22.1735911748473,69.9294942613145,3314.0455681078
173.167197149889,32.7326960088567,29.6116339969472,94.3336664187765,1071.42938800822
85.5114579311842,43.9849329199322,31.0314702242155,65.0066283183261,1934.67432397094
88.7554843665202,46.4795354341738,31.3843622943081,70.4294357909939,2160.34721417662
86.5307817019781,57.0352390275689,34.1075339022431,88.7744350117323,3253.01849093192
75.5896360863445,48.9432866599623,29.0292379533977,66.4177545908426,2395.44530907924
63.8495864093489,37.4135137193983,36.0729439724128,45.9407032970913,1399.77100883161
78.58505143784,66.8443570809412,25.3924197856521,105.303368704267,4468.16807356437
78.4155551776688,59.1139129179596,23.9577863977847,87.2071447575969,3494.45470047211
67.8223575566191,52.3743027249103,23.8550691122309,68.3272111887982,2743.06758592055
-35.6841581258023,62.1810861032581,33.7114851209326,40.118424253388,3866.4874689808
212.696140501964,36.6122571276503,29.5854002883039,118.044195427986,1340.45737198118
207.156271859582,56.608202977898,33.9490896091025,147.807416425431,3204.4886443869
124.239079441397,44.7708762368658,28.6614678922146,84.1496081471091,2004.43135901676
106.144238751939,56.8374552185071,27.0405394889359,96.9961329502238,3230.4963157158
151.581282532991,49.3917804533993,28.1582371243675,104.491206241483,2439.5479763568
50.0323968173893,56.3296071303145,20.7369158787914,65.9639113292278,3173.02463945558
32.9940743025211,63.3551761505939,24.1519236979294,72.9760754088692,4013.87834507278
32.8162282669933,50.072900903169,22.7898267682077,45.4575792670961,2507.29540485858
26.2996954827702,60.1755863695209,35.2716113598767,65.2684353545626,3621.10119491567
159.253632720835,38.1156596485202,27.013349543186,92.4481956577223,1452.80351044183
106.985649143266,42.7839555956398,33.9472992639509,74.1856802151826,1830.46685640968
19.9150318885099,65.1921771138818,37.5824530084598,75.7157693163385,4250.01995684773
79.4978533057298,53.7738797302393,29.0411259544503,77.7488089699497,2891.63014124224
73.4662217896541,29.4777717956627,31.4193945317618,42.7266603500879,868.939030037167
174.603260205208,36.3596254791762,21.2446624030196,96.7525986846334,1322.02236498596
49.0995101385658,47.9921898441088,25.906651112401,51.1301422212916,2303.25028603298
55.2885353542674,58.6577940433449,30.2810742469142,75.828596751687,3440.73680203147
83.4072427373055,48.9811674428478,31.4954345166808,71.2287307588234,2399.15476406429
66.8357590545413,56.2418747202065,26.2030094135056,75.628123662876,3163.1484720434
110.986908039322,59.5900537778783,43.424294996134,109.199318894716,3550.97450925043
1.95883371392649,66.7105482886294,27.7080493045381,68.3588016416926,4450.29725296955
65.3854837135595,50.5601673327496,30.3212177831502,64.3380480857621,2556.33052071564
37.4421490258444,49.480180938191,33.2489593357676,49.6069201011231,2448.28830567612
111.747600471576,32.4676264085773,29.86990682613,63.886038367775,1054.14676460695
48.6948159102728,50.9932759408783,26.7821630648644,56.6763058526452,2600.31419118256
129.83649940889,44.2814994210444,35.2265283198165,88.1589239249659,1960.85119097596
87.7010460571378,40.2599041719591,38.077726616036,62.7399150798425,1620.85988393533
115.321505803212,48.2009376895246,29.8515301447508,86.0808407005627,2323.33039414943
48.144721085346,60.1494317274366,32.8113367270153,77.0714502430416,3617.95413713356
91.77370723072,30.0725151131142,29.5129375074868,51.3287564017839,904.356165228482
78.0024517147981,45.7272071279457,35.0822760885108,64.187844285546,2090.97747172205
131.0278141074,51.1663728358271,24.2191630287007,97.7022491011535,2617.99770917487
156.757845617848,41.0679242994505,41.6043011199724,98.0615217190914,1686.5744062654
168.112291912345,53.3390294249922,26.9823437610583,120.111465486013,2845.05206000018
86.9998733552488,54.1142992061573,22.7057529278095,79.9283938320044,2928.35737857352
39.9692600773153,49.6696384072401,28.2454108640347,50.0834637203572,2467.07297950598
122.376842974102,25.3410180623997,30.733542420725,64.6316594596968,642.167196438868
-12.8805858126529,75.7145814586664,38.1181060384011,88.169770096803,5732.69784546103
179.106854945899,47.947007425318,34.5560483838566,118.002726697894,2298.9155210435
77.9321051586226,56.5119328158767,30.7122921602289,82.2001824687945,3193.59855058616
138.722083320714,52.7376649103655,23.0525823800592,102.807736502569,2781.261300198
89.2659367358256,60.2467323481835,25.6698112766394,95.3616260938452,3629.66875863366
18.7080672234113,58.1765944637409,29.1835753388535,56.6381675576533,3384.51614339857
91.9964824108918,47.9020682877149,42.765130567303,76.5777469547028,2294.6081462409
143.932208227761,53.7816777220851,20.6988621289079,106.105230726954,2892.46885860222
158.407911708639,40.5459116887611,35.6552732592301,97.5219221919183,1643.97095467281
85.3517219090616,58.5692301089932,27.3638287138304,89.275922831356,3430.3547155602
127.750054466868,45.3896166111565,38.3299544999371,89.5422849075376,2060.21729610777
-33.0777882466973,74.1677335378821,24.303996800133,70.171893995812,5500.85269814628
88.3120113266883,33.4895110431181,30.7181161733137,53.612293733116,1121.54734990713
167.517797055426,45.3601275703398,24.5022452914862,105.908515816626,2057.5411731975
8.2796589524783,58.2537986275924,34.5175821318084,51.5956101666614,3393.50505454409
37.8807459928074,55.1013254687866,37.4188974436904,61.2220816058834,3036.15606841715
137.663523182187,44.10518961485,39.7536050320058,92.5792998503968,1945.26775096187
76.2764189099588,40.0321925779248,33.9880032879476,54.756109012208,1602.57644259606
68.2277435343971,51.444757047107,39.2163312728891,68.9625917345442,2646.56302763587
48.8473147496104,49.8569258683309,36.2321195433082,56.3440098643504,2485.71305704024
168.36342699751,32.0971876273594,29.3406254408799,92.413271154579,1030.22945358591
112.411160003461,50.3455106713385,32.3851861914235,88.9262603327619,2534.67044475786
108.876919231767,51.9023031569246,25.1400289426203,88.4376938654738,2693.84907299331
107.044979076058,51.7472639698184,29.073989152995,88.8492954429127,2677.77932836207
149.888446202261,39.4498295739732,36.1048185417441,91.1449149275788,1556.28905341553
103.929146211704,54.7613327830263,32.7064207174118,92.7871298394103,2998.80356817335
-39.2471178244787,63.7857013695924,32.2867866581267,40.6267688665156,4068.61569921082
78.8152586087415,54.5623640317981,24.809344801564,77.0236727728026,2977.05156873845
136.795793476197,38.6441152962566,26.9774338483294,82.249276251038,1493.36764703037
143.062252054534,45.6435453030809,26.1769699312322,94.4935240529552,2083.3332278344
37.1500082025624,53.4610361955361,31.9764793500675,56.2502784798943,2858.08239110042
101.271397556447,43.5295436868173,25.0474618476672,70.0079962036817,1894.82117358254
105.115294835628,28.4235366498472,32.8102069504953,58.5271401849768,807.897435685207
108.953188883638,58.8425082002821,24.4179179403323,101.144804254194,3462.44077130027
170.728763577205,41.7052238837548,39.1426522906768,105.581451664187,1739.32569919411
146.496893900624,44.2643972923172,32.3029567473905,95.7535345071847,1959.3368676521
-14.311113707285,65.0390060900453,26.4949819387337,55.5519323484602,4230.07231318095
140.207374109802,42.258550703946,31.2052296625061,89.0390423347331,1785.78510759797
113.149707012241,58.457315401893,28.2377340038602,103.008983727618,3417.2577239964
141.347580977372,37.3931712118122,31.8557397987983,83.3588196147292,1398.2492532759
87.3999119837577,46.4545759692602,31.2176635938015,68.6778133420806,2158.02762848377
59.1548289685682,49.2644398086352,24.9294291366926,58.277635187773,2426.98502965864
106.908895050959,38.3134857557564,26.0434306059026,66.6939440887969,1467.92319075655
145.458927742326,43.6525173509109,31.4979684236978,94.2969671189868,1905.54227107158
77.2295235204707,49.7115844707169,38.1952595437578,71.3667779923614,2471.24163058922
79.3787163791124,56.7069596873393,35.4230850433546,84.5522987988018,3215.67927698152
195.763256824209,33.4945345657489,26.8771626319095,105.898915913406,1121.88384577615
128.841988011518,46.5024576078873,34.1296145082375,91.5666988093891,2162.47856357336
121.512765660561,57.5640643854548,29.7571582362186,107.293455629471,3313.62150857279
46.5674337153903,44.6119084002241,31.506568258592,45.9684039467919,1990.22237110999
78.058458485046,52.2729192167294,31.3018074536828,74.3864744057241,2732.45808343872
73.4171772501506,54.9222857006443,42.877248818617,81.3013603898439,3016.4574665832
113.557442951199,52.6783501533168,24.0735559470639,91.5717858321703,2775.00857487545
26.0092498825658,56.5325767947138,30.5045992950643,56.6158675694206,3195.93223905021
140.378639409801,48.7729133902262,21.1001135601619,96.1236971089458,2378.79708057051
120.43118119701,45.8632348640788,32.9491796147938,86.1478015232467,2103.43631219765
162.134306494858,23.5685104797102,35.483042358607,85.2761202720943,555.474686232209
116.854674696432,49.0705898152053,37.2283112055058,90.1696958321009,2407.92278481213
82.3482326409542,54.3028469635999,20.3742737408144,77.6728312024601,2948.79918835215
114.148540393994,55.3539884086815,32.0638474859702,98.5109219699823,3064.06403274845
137.518148898278,44.4472164868675,37.9668497569183,92.9645954746298,1975.55505343047
13.2985811313264,67.7950290977515,27.9299206847885,76.995812516646,4596.16597036497
129.079855259161,52.8642441962882,28.9392473395903,100.807540386814,2794.62831444479
104.732370940151,51.2631585845889,29.8173138889763,85.8511736989236,2627.91142806871
71.0122767424848,62.7226677946852,31.8250937571652,93.3750279887893,3934.13305528244
96.7582290170882,42.8153377868074,33.3257993787298,68.1164471675156,1833.15314979842
171.993778196092,45.4966137607529,36.5891044185574,111.608636739718,2069.94186369513
-14.4943031649736,73.9745248004976,29.522562047775,79.9202211130003,5472.23031945944
130.327476453659,50.1112918722089,30.9813902273623,96.9568553778695,2511.14157310171
16.0174927357918,66.3356842140831,42.4399893861073,77.9976694821462,4400.42300015055
126.374230033049,35.6149335508548,32.155494640575,74.407401860388,1268.4234918318
134.341623170421,48.094831979571,30.9437655466492,95.6887649056001,2313.11286314317
26.7452913376761,53.7842390363683,23.2887843735828,48.3076671081765,2892.7443687212
106.268604005284,53.000385452058,30.0142802381111,89.5673229558806,2809.04085806672
144.496971529453,39.9436374048916,28.8933692341656,87.8713274598963,1595.49416913345
-10.5280346116514,50.1925927462537,29.9447708509531,26.0934126175097,2519.29636659128
147.922829324706,39.2257934688802,27.1229117936442,87.3675465706651,1538.66287326324
-13.840090184991,57.1270332524428,26.5659217377865,36.6316450530599,3263.49792822571
82.0923053884775,60.8477508986065,26.3961318408994,93.1960875378544,3702.44878941887
132.335240276099,27.7501230351259,28.9274774230011,70.9217253323762,770.069328464625
14.8595047654538,62.3569346230014,36.8406632401431,66.1012634953021,3888.38729557727
130.054042174362,37.5895550319151,35.2454331327966,79.8630739365467,1412.97464749737
138.085968170749,54.5476926898263,28.2001244102847,107.46104089968,2975.45077778373
51.3389366777309,56.5990263814261,21.5704177273063,67.2935384556421,3203.44978732537
128.474755973269,48.0011017189857,25.7770828573202,91.1620658789755,2304.10576623641
134.080903951273,43.5488604314021,27.7111973337975,86.8231573684375,1896.50324487374
45.9824488989949,51.6532102124205,30.5181900211415,56.4096274171689,2668.0541252485
12.9996422263326,54.3881870071445,26.6869636214959,45.1795596533206,2958.07488592412
-21.9817831775391,58.833028199487,40.0334034541595,40.1482845752171,3461.32520712163
171.848280440595,29.4766301609805,28.6386623279082,91.0254842293578,868.871725647225
143.52492311521,33.6362073194098,23.9302776488025,79.305158769374,1131.39444283432
112.488052779146,64.3040234118818,29.2936912135874,117.011434072212,4135.00742695584
83.0654774433423,60.4662884711155,24.9731120920329,91.4735021652609,3656.17204147215
115.354564264021,54.3528894890768,30.7807785363766,96.9939178216522,2954.2365958118
122.921912091762,57.1517840711106,31.1681680704493,106.687671706699,3266.32642251085
41.2605102480406,59.17174917641,31.7779380581419,69.9856180407005,3501.29590059598
180.138965496537,23.3907720153432,21.8907087043789,90.2019585645698,547.128215473763
87.80444310491,61.1027709663882,31.1035564548532,97.3758654048831,3733.54861977089
167.572472202932,45.1501240343768,31.5522504027082,107.387033760061,2038.53370031961
124.164830001273,52.306168306312,22.8944577624776,95.2530229265274,2735.93524288824
120.788664508413,47.0484219911642,34.7768281986521,88.4229434607467,2213.55401185866
27.0041267712549,58.7196495407874,33.9208543954717,62.6355190545755,3447.99724219289
132.506520523179,46.5152755104439,41.4980968057722,94.5912072191539,2163.6708558125
96.9364722704844,55.1850376588825,30.7835149368786,90.0053174483657,3045.38838141228
135.750907611338,46.0931502136102,30.23366763759,92.6850050741382,2124.57849661443
147.35296507978,39.0721279089849,30.4829291704122,88.4729009114451,1526.63117933608
40.1734105560809,62.1001051044026,30.3488311545015,75.9632391057999,3856.42305397785
71.5638652353741,57.4090001127427,20.7576361233117,78.4626820313197,3295.79329394489
55.39870170364,67.2426223915645,21.6443647067888,93.7472822656303,4521.57026609453
103.585958908759,50.651539325793,29.612305166044,83.4326301384908,2565.57843607236
20.2205843072707,61.2500274582817,27.0946630971675,63.3978285134602,3751.56586364026
-3.72243138850322,69.7541905401908,30.2736826252871,74.1968176038867,4865.64709791724
59.6883701171085,47.1851788496103,19.4439581336973,53.6174855164698,2226.44110306971
101.787415678803,36.7704888724478,22.5065087273662,60.6593619466218,1352.06885191881
102.938648413395,47.6064843286188,24.4925828053063,77.1077785972897,2266.37735013103
29.2346356787232,47.8595876001462,34.9302911053012,44.0373488725015,2290.54012525607
28.2720567218646,51.5168050450932,24.5075499645494,46.2291505081684,2653.98120205414
69.792596289142,67.1230497731928,26.0024302321173,102.051303988722,4505.50381085452
85.2181421742596,46.7385610749465,30.3993690933703,68.4676215157712,2184.4930913565
11.1617329059262,53.7300465580492,28.3862681908745,42.9661654089702,2886.91790313014
102.198557250023,47.7231593510447,30.7320858933398,77.7427352114205,2277.49993844521
145.661445871731,50.2045070852503,41.5253099102285,106.42138534443,2520.49253167295
115.360204859232,53.1405766350626,24.3769816437088,93.2450859386928,2823.92088510696
61.1213811406403,63.2821469603699,28.472651800451,88.8276639670728,4004.63012391385
140.867912014857,51.2131837749078,27.4162027512813,103.674918245597,2622.79019236248
35.1409983956888,57.1284232003111,37.5619771341623,64.5699711779821,3263.65673735384
100.826304586377,57.7886002978353,26.1525753855486,94.5937838270407,3339.52232438297
40.0186871484892,59.1477327085563,29.5895654811214,68.2582876844228,3498.45428456282
114.287642511969,44.2560544781562,33.9356680716135,80.0152837272503,1958.59835797353
118.358069045863,66.2688121419468,24.707047320258,124.289306386803,4391.55546270463
143.88065868107,46.1904326070599,38.27587907871,99.3886879141852,2133.55606442734
132.803448780881,48.9421583235025,33.3788120773712,95.3601542743443,2395.33486136278
-2.53151536539919,64.0405026771417,24.6289669523482,57.8334417636368,4101.18598314099
11.1539672723796,62.9408390614558,32.2728890452887,64.2752816001057,3961.54922176008
223.185298531279,39.1000812758876,28.9334642838347,125.682329605232,1528.81635578102
79.1315318339842,41.2692899958254,31.5661438599717,58.1339847205338,1703.15429675953
145.841550622015,36.4192094062939,29.5501240149217,84.2895875057015,1326.35881377949
125.937428846763,51.8184719261983,35.3525801838917,97.8514211927414,2685.1540327662
136.0126067625,51.6484086791847,23.2444980714833,100.375159446845,2667.55811909208
130.915391538478,53.6411468735506,27.3869165140204,101.782240218385,2877.37263790983
71.8894578258842,55.5215771421856,28.754046611223,76.7374202022957,3082.64552835567
